epoch,train_loss,test_loss,mae,f1_score
1,0.600179,0.413130,0.157917,0.178038
6,0.190229,0.222779,0.118365,0.758773
11,0.139079,0.188937,0.089946,0.782607
16,0.131848,0.160894,0.074729,0.831503
21,0.107931,0.157274,0.066742,0.843528
26,0.109429,0.177259,0.086981,0.814680
31,0.088862,0.172359,0.059267,0.842983
36,0.114595,0.165452,0.065804,0.839037
41,0.086130,0.153581,0.056277,0.860589
46,0.081946,0.157503,0.059963,0.856460
